Date,Brief,Key
44936,AE,brz50lnnkygzch9t96
44936,EE,brz50lnol33z8lhdq1
44935,AE,brz50gn1janzl5oek1
44935,EE,brz50gn1vm0zqjt217
44935,MM,4sz50dkioc0zvl6rm3
44935,UE,44z50gtp8bfzwehytj
44932,AE,brz50eyjvweznd4oh
44932,EE,brz50f0rfh4zurx4n9
44932,MM,4sz4yuucjlyzdmwl1c
44932,UE,44z50f8bv85zf9mrsd
44931,AE,brz50daqb7yzolqvxq
44931,C,paz50fg1o0yzg9pbyu
44931,EE,brz50daqpg9zrikvuc
44931,MM,4sz4yuubdklz11xrlhc
44931,UE,44z50cym676z9ntdiy
44930,AE,brz50bm6ygqzb0tl0x
44930,EE,brz50bm7hwgzebps8w
44930,MM,4sz4yuua87lzeyd81c
44930,UE,44z50bym88wz126k4n1
44929,AE,brz50ade0s5z10s4371
44929,EE,brz50adepvazt9cygq
44929,HF,v0z506123d8zxu103x
44929,MM,4sz4yuu99d9ziibsbv
44929,UE,brz50adtlhpzohoc33
44922,HF,v0z4yyagifdzfwahqp
44917,C,paz4ypqutubzt5cx8c
44915,HF,v0z4yn1wmn1zu88tpj
44910,C,paz4yfsvuqtzrnopb6
44908,HF,v0z4ybh8ahoz3uppjb
44903,C,b7z4y1haesazx9vwe5
44901,HF,v0z4xylwh0tzl2tt9g
44896,C,b7z4xfkhd3az1k3cxk
44894,HF,b7z4xfkgnagzs4m1a6
44888,C,b7z4x49d9stzor4qcu
44887,HF,b7z4x49hbnuzd9fqyn
44882,C,b7z4wte12i7z56elcc
44880,HF,b7z4wte6d2bz46v2cm
44875,C,b7z4wg9a0q6z7di1gu
44873,HF,b7z4wg9g5ihzrdcaow
44868,C,b7z4w4jg775zt16idu
44866,HF,b7z4w4jneo3zg8i61u
44861,C,b7z4vsa98e8z2yji9p
44859,HF,b7z4vsb0yqpzsvufaw
44854,C,b7z4vgih9opzwsglhv
44852,HF,b7z4vgi8qlbzn0cnga
44847,C,b7z4v6tibm4z1e4ump
44845,HF,b7z4v6t5p3yzxqfqlc
44840,C,b7z4usgkd8vzh2sp0n
44838,HF,b7z4uub9s13z13486s3
44833,C,b7z4uig4a53z51ffx0
44831,HF,b7z4uifmku3z11ucoeb
44826,C,b7z4uc2numiz34w9el
44824,HF,b7z4uc266qlzuchj4e
44819,C,b7z4tsu7u2qz6xoxgr
44817,HF,b7z4tstsp2kzr5vllf
44813,C,b7z4tg0vcg5zxbr7wl
44806,C,paz4tepn9rgz14i8igm
44803,HF,b7z4t49dqw7zdbq15h
44799,C,i3z4skhqqpbzlki8t5
44796,HF,b7z4srvwvxjz9l594y
44792,C,paz4skhkixazin3ghj
44789,HF,b7z4sjekn91z9ta9dk
44785,C,b7z4s7vtf89z3kq34b
44782,HF,b7z4s7xh6e6z11exntf
44778,C,paz4s73weiiz2cbbtc
44775,HF,35z4s2m0yl0zjm9rf7
44771,C,paz4ruhctejzyhf8pu
44768,HF,b7z4riauskqzvmgdte
44764,C,paz4rj1eq0czof5mn0
44761,HF,b7z4r6qerx2zherm5b
44757,C,b7z4qub8hjvz63aorj
44754,HF,k3z4r2m6hd1ze8145a
44750,C,b7z4qpcwuogzmg9fbm
44743,C,paz4qjgnq4mzgrm6r1
44740,HF,b7z4q8q7savzolvvku
44736,C,paz4q6nhy2azd08if7
44733,HF,k3z4px94dk6zkhl9kx
44729,C,paz4pvd5j59z41wqog
44726,HF,k3z4pqm1otxz4vj4bd
44722,C,b7z4p6b5974zn03igg
44719,HF,k3z4p8twwmvzgb6or2
44715,C,paz4p8bfo3cz4r4f41
44712,HF,k3z4oxwg7tgzo3lnaa
44708,C,b7z4olinv2rzf8xiut
44705,HF,k3z4oksuhnvzklreo2
44701,C,b7z4oa0jgm7zdg9qvg
44698,HF,b7z4o9tljqyzr4n5km
44694,C,paz4o8ub2c9zr2v9hm
44691,HF,b7z4nvnts0wzi7867w
44687,C,b7z4nkdvcpiz1b2mvj
44684,HF,k3z4nlaqlqvz45en82
44680,C,paz4nksur4iznvmxmj
44677,HF,k3z4n9sek61z84nbjt
44673,C,paz4n992wljztx13pk
44670,HF,k3z4mx8fxliz14aic4i
44666,C,paz4mwq1khpz89gqfg
44663,HF,k3z4mlqt7d2zx66krt
44659,C,paz4ml65k5rzhkto9v
44656,HF,k3z4mbo53vpz2vlp58
44652,C,paz4m9rpeugza9v5hf
44649,HF,b7z4lwi3wakz9t77kt
44645,C,paz4lxb2es4z95mdk1
44642,HF,k3z4ls8lnx4zxi903w
44638,C,paz4llncmjuzdkdfev
44635,HF,k3z4lal1gtkz95hldo
44631,C,paz4la7b8gez9su2ev
44628,HF,k3z4l5hn7stzlvtko5
44624,C,paz4kxx5pewz13ko34h
44621,HF,k3z4ko2ujgcz146feur
44617,C,paz4km7vto7z52n5wl
44614,HF,k3z4kcjahrrzr8uqjv
44610,C,paz4kateo1hz13h37hl
44607,HF,k3z4k5wrv00zdaxiok
44603,C,paz4jyeirx2zjypt2s
44600,HF,k3z4jt8q9t8z25r24h
44596,C,paz4jmpypq1zh5wmtp
44593,HF,k3z4jd4mwx7z1alt8j
44589,C,paz4jb633ugz1174e6r
44586,HF,k3z4j6ee50xza2ypxu
44582,C,paz4ixc8w5vzegfkwk
44579,HF,k3z4ioy6sdmzr1y7e3
44575,C,paz4in8tl4pzsykua5
44572,HF,b7z4iblxkt3zstwqoh
44568,C,paz4ibqmkydzwc3dcj
44565,HF,k3z4i6ld2xjz7wauic
44554,C,paz4hkjx3frz9ngb5g
44551,HF,k3z4hivdb9izv14nx9
44547,C,b7z4gmtwyulz7hvmdv
44544,HF,b7z4gl9bwvvzbas1bv
44540,C,b7z4gl826faz24340v
44537,HF,b7z4gl7qfmkzn0453v
44533,C,b7z4g13v5nvzag6wkk
44530,HF,b7z4fyd9ql4zkckvm4
44526,C,paz4g9ac144ztj407u
44523,HF,b7z4fx0cs19zhyfkjr
44519,C,b7z4flciq99zp1f1p1
44516,HF,b7z4fl7twv6zkqnyp5
44512,C,b7z4fb8m8l1zuqire3
44509,HF,b7z4fa106kjzjmmaij
44505,C,b7z4f10ls1xz12qj8fn
44502,HF,b7z4f2dv029zxake0i
44498,C,b7z4emjnbyhzkmktfg
44495,HF,b7z4emjm0diz6w2v7f
44491,C,b7z4e9pu2auz11tqmf3
44488,HF,b7z4e9pf0tyz1hf7ix
44484,C,b7z4dwu2d4xz142jc8g
44481,HF,b7z4dwtti0ez5yktfk
44477,C,b7z4dol63chzipx9ps
44474,HF,b7z4dokpja1ziq158q
44470,C,b7z4da42iqnzf24db4
44467,HF,b7z4da3j291z1qg6oh
44463,C,b7z4cxk26vnzbjdovh
44460,HF,b7z4cyx8n9vzjexacr
44456,C,b7z4cqqb1xsz98u667
44453,HF,b7z4cnq1xkiz15mg413
44449,C,b7z4cdmr9wnz9itqgu
44446,HF,b7z4calv0ixzfmf09r
44442,C,paz4ce9e00sz11xjamd
44439,HF,k3z4c351l0mzeg1nuy
44435,C,b7z4br4nlyrzggm5kg
44432,HF,b7z4br4g40qzxiv47p
44428,C,b7z4be9h591zvnmidu
44425,HF,b7z4be40trlzu4kcwv
44421,C,paz4bepmlllz8upw46
44418,HF,k3z4b58qi82z86cx2x
44414,C,paz4b32e1fhz10krnwy
44411,HF,k3z4ax8f71ozptt7x2
44407,C,paz4aqtt4ewzld9iuy
44404,HF,k3z4aaqg3cvz29px2a
44400,C,paz4af5fcrkzbc9qix
44397,HF,35z4a2cqg6szwvikfx
44393,C,paz4a3nhdmezcalxah
44390,HF,k3z49xwm0oiz10a822m
44386,C,b7z49eksii0z7shmp0
44383,HF,35z49n2iw9tzttlr49
44379,C,paz49fmjn54zhbr0j4
44376,HF,k3z495x68urz12d9928
44372,C,paz4943ujahzg8qb2m
44369,HF,k3z48s63kqvz7kjyhk
44365,C,paz48rkdsgpzw9pl2i
44362,HF,b7z48grinvdzdjen9p
44358,C,b7z486tsrw4z132h3oo
44355,HF,b7z486ud4qlz84fr1s
44351,C,b7z47ubgiioz4joi9n
44348,HF,35z47twbyqfzaejs3a
44344,C,b7z47iogu9yz9dj7us
44341,HF,35z47n72y0az110b49x
44337,C,b7z475qem4kz14ry1nn
44334,HF,35z47d8yndiz4voyui
44330,C,b7z46t5wrnnzsulf15
44327,HF,b7z46t5moo0zxf0c8h
44323,C,b7z46hgh48czl4ke18
44320,HF,35z46oe3edlz1nnj73
44316,C,b7z465yld3qz14nsnfh
44313,HF,35z462pt6gmzad087c
44309,C,b7z45th2xjlzn7gg8m
44306,HF,35z460ifcbnzwklbrs
44302,C,b7z45i4waq2z570uq4
44299,HF,b7z45i48amkz104y97v
44295,C,paz45fot281zb9g1of
44292,HF,35z45bog4d8z417pw7
44288,C,paz452wyla5zqp1wa3
44285,HF,35z450xvyivzpfaayi
44281,C,paz44tcdyxfzfh4kp0
44278,HF,35z44i53r1cz91re5f
44274,C,b7z44cyj2s9zxkfqxf
44271,HF,35z446g3ecmzmqf5wt
44267,C,b7z440l3n73z3h5mlw
44264,HF,b7z440kg8vhz9knpnm
44260,C,b7z43nvagujzys9cpg
44257,HF,35z43grh9tcz7vrhv9
44253,C,paz43if2obuz72sa7r
44250,HF,k1z42ta59jcz2ovmmf
44246,C,paz436tqjrkz12xg1te
44243,HF,k1z42re9bu2z6o2llc
44239,C,b7z42jfifqbz11nrgqm
44236,HF,k1z42fq6sg1zss7u5
44232,C,b7z42cpe634z1uc0j
44229,HF,k1z427o9hepz14ihkcq
44225,C,paz422xyh40zabilbr
44222,HF,k1z41tpi2m6ztv47do
44218,C,paz41urj7wkz6djw3y
44215,HF,k1z41jw939lzesgfpr
44211,C,paz41jdcniez4xtsaq
44208,HF,k1z416hrxn5ztiibhk
44204,C,paz416n4pg0zfsk98l
44201,HF,k1z40qwnvw3zvieaj6
44190,C,paz40gldcs6zn0ay6r
44183,C,b7z400f6h8bznnjwh5
44180,HF,k1z3yrf5o83zdxt65n
44176,C,b7z3ypoh6m8z4uff7x
44173,HF,k1z3ykg4tyrzlr3ies
44169,C,b7z3y7shraszlcaqfw
44166,HF,k1z3y5uxrlmzgm7q49
44162,C,b7z3y0ojjbdzhv2nkf
44159,HF,k1z3xt2rlaiz9dc7ee
44155,C,b7z3xmmr8qczjb7h0f
44152,HF,k1z3xj8ji7vz9ecxr
44148,C,b7z3xeyxsc1zqqyxg7
44145,HF,k1z3x61k3vvz1p49vl
44141,C,paz3x7t9d5azd1xc5m
44138,HF,k1z3wsaey6tzsc76d9
44134,C,b7z3wqmut9wz2vk7il
44131,HF,k1z3wi36tufzdr2v4n
44127,C,b7z3wf1nxiyzfyltj9
44124,HF,k1z3w9yyrrpz9gxgwm
44120,C,b7z3w3g9npqzoapeq6
44117,HF,b7z3vr4dwnozk42vdm
44113,C,b7z3vr4n9arza1jnla
44110,HF,k1z3vnlo7enztn4lqm
44106,C,b7z3vcalkfez1uf0rh
44103,HF,k1z3v8j1p1tznaogyc
44099,C,paz3v9x4c6dz13fjb38
44096,HF,35z3v53h1y6zx3i7a2
44092,C,paz3uxgehdrzlu8kwu
44089,HF,35z3ukghtfbzgyl4rp
44085,C,paz3um19h4rztjm8ie
44082,HF,35z3uco8hwqzatb2bh
44078,C,b7z3u1317t3zhwr8f6
44075,HF,35z3twg0touz26vh2t
44071,C,paz3tx0im2xzyop1ft
44068,HF,qxz3tmn2saoz10pgldy
44064,C,paz3tl7tk1tz11e02fh
44061,HF,qxz3t9ttlinzim1str
44057,C,paz3t9gy6fdzi6l8q
44054,HF,qxz3t13d6loz15law3d
44050,C,b7z3sp2tfg9z61hkc2
44047,HF,35z3smv8bonz39y23e
44043,C,paz3smw08nizugpuxi
44040,HF,35z3rw3jhwozjaygep
44036,C,paz3s6nh3arzo8kodx
44033,HF,b7z3s0dly1uzssmwm
44029,C,paz3rubx7d0za1q6nb
44026,HF,b7z3rp759vczaqmvjt
44022,C,b7z3rcakftcz3ldq0j
44019,HF,35z3re4chhnz47oaea
44015,C,b7z3r2fn5wjzja72cj
44012,HF,35z3qxo8tm9zyei3jk
44008,C,paz3qwajkhtzy42d9u
44005,HF,35z3qm3polyz10f8oao
44001,C,b7z3qctegy2zgwo7tw
43998,HF,35z3qcag72xz4hd9u1
43994,C,b7z3q1kskk2ztmx4h4
43991,HF,35z3py47vhxzly0rvg
43987,C,paz3puvhadhzu1anje
43984,HF,35z3pmrvcv3z8lwxwv
43980,C,b7z3peic5nlznprfaa
43977,HF,35z3pb8oqjlzv9xho5
43973,C,b7z3p3cpy81zjerlwb
43970,HF,35z3p18663nzqqk4nb
43966,C,paz3p0270mkz6cf4j3
43963,HF,35z3ovasgd0zqe0d72
43959,C,paz3onmr1f6z115giww
43956,HF,35z3obmaymqz6khfwk
43952,C,paz3oa4ayqgz11vtna7
43949,HF,35z3o23p0v4zh9ko9m
43945,C,paz3nxqkvrxzt7qe8x
43942,HF,35z3nvtekxvz128ar39
43938,C,paz3nmbhf8kz1vye19
43935,HF,35z3nk8s4vnzu65r4o
43931,C,paz3ncknlafz1bukan
43928,HF,35z3n3rhg40z11c5wlt
43924,C,paz3n272hq2zlllnng
43921,HF,35z3moiuxnfzurjl02
43917,C,paz3mpq8va7z14f98gm
43914,HF,35z3mefv3y6zx7ogp8
43910,C,paz3me4n3vizn7luev
43907,HF,35z3m12couvzxs9sd5
43903,C,b7z3ls3upagz4yeirx
43900,HF,35z3lot4flrzdp5k4d
43896,C,b7z3lf6fp7rz12cb3p6
43893,HF,35z3lbcc5u4z1vwcj4
43889,C,paz3ldey0byzvjqtvm
43886,HF,35z3l1jcd1qzmy9mhe
43882,C,paz3l1hout6zuq7gqa
43879,HF,35z3kqlqmujz7l6wg6
43875,C,paz3kh96bbhzbe95x7
43872,HF,35z3kdelwtwz1r30l6
43868,C,paz3kcecpu3zo9jwx5
43865,HF,35z3ka49j4hzllemv8
43861,C,b7z3jrgvb8wznikvsm
43858,HF,35z3jpew272zxnmssp
43854,C,b7z3jcs0dlbzaxic4t
43851,HF,35z3jfi2ug9zhyqjlk
43847,C,paz3jcrn85yz45lva2
43844,HF,35z3j2ghr86zalce1j
43840,C,paz3iyehexaz11v5d3
43837,HF,35z3it5roudznau5jc
43833,C,ocz3in2uhkyz3db1x1
43819,C,paz3i1hlgp4zthba9o
43816,HF,35z3hqlvdknz7k71y0
43812,C,paz3hp8afdyzqoq89t
43809,HF,35z3hgdswdxz8nbu70
43805,C,paz3hd8j8qpz10l06tg
43802,HF,b7z3h3g7gb8ze0faby
43798,C,paz3h0bxwyez15b3dy5
43795,HF,35z3gsliaqkzjtppfi
43791,C,b7z3ghks88mz146ysk4
43788,HF,35z3ge2u6kfzaox17r
43784,C,paz3gdtwc5vzn1wehy
43781,HF,b7z3g670s71z7yw86o
43777,C,b7z3frs7hobzgtdliv
43774,HF,35z3fq1jvhqz14cmti9
43770,C,b7z3fhyd0o1z5nkm9u
43767,HF,35z3ffjwsmjzl4m4mn
43763,C,b7z3f6j6vlrzgcu3p2
43760,HF,35z3f4oui7gzk59r3b
43756,C,b7z3evcwvlgzqqy197
43753,HF,35z3ern81kjzpsfp08
43749,C,b7z3eidcntgzyna0pi
43746,HF,35z3eesj44oz11pu89l
43742,C,b7z3e6tev81z13vfj0e
43739,HF,35z3e4kl3twzk4c7cp
43735,C,paz3e30e60gzfrjmeg
43732,HF,35z3e31qg4yzmyncsl
43728,C,paz3dqx96ayzob8bv5
43725,HF,35z3dgkjlsrz3lfw00
43721,C,paz3ddher3nzmhmq5t
43718,HF,b7z3d7ckmgmztayw2u
43714,C,paz3d5jmj9tzvdgcq7
43711,HF,35z3cr92dy3z113j7qx
43707,C,paz3cswmh1qzq0nuvg
43704,HF,35z3chd2yl0zu7nqr8
43700,C,paz3cfxx2jczp82s1y
43697,HF,35z3c76bx2sz6lq3yp
43693,C,paz3c4dhh91zyrcolb
43690,HF,35z3bsybbyqzg9785q
43686,C,paz3btcldelzuge8p
43683,HF,35z3bhol6ojz12ae4vv